episode,timestep,wall_time_s,episode_reward,mean_reward_10ep,mean_reward_50ep,mean_reward_100ep,best_reward_ever,reward_std_10ep,reward_per_step,cumulative_reward,episode_length,distance_covered_m,lane_deviation_m
1,41,6.05,-4.8355,-4.8355,-4.8355,-4.8355,-4.8355,0.0,-0.117938,-4.8355,41,5,0.848866
2,102,14.24,4.0685,-0.3835,-0.3835,-0.3835,4.0685,4.452,0.066697,-0.767,61,10,0.500694
3,143,20.11,-0.7868,-0.5179,-0.5179,-0.5179,4.0685,3.64,-0.019191,-1.5538,41,4,0.305092
4,204,26.89,3.7699,0.554,0.554,0.554,4.0685,3.6585,0.061802,2.2161,61,5,0.237008
5,262,34.29,1.3018,0.7036,0.7036,0.7036,4.0685,3.2859,0.022444,3.5179,58,5,0.925441
6,343,41.47,0.564,0.6803,0.6803,0.6803,4.0685,3.0,0.006964,4.0819,81,5,0.562227
7,404,48.66,5.6755,1.3939,1.3939,1.3939,5.6755,3.2817,0.09304,9.7574,61,5,0.251114
8,465,54.95,10.3605,2.5147,2.5147,2.5147,10.3605,4.2682,0.169844,20.1179,61,8,0.316719
9,534,61.25,0.2283,2.2607,2.2607,2.2607,10.3605,4.0877,0.003308,20.3461,69,4,0.531787
10,611,69.5,0.6902,2.1036,2.1036,2.1036,10.3605,3.9065,0.008964,21.0364,77,5,0.482268
11,672,77.47,-3.3796,2.2492,1.6052,1.6052,10.3605,3.6648,-0.055403,17.6568,61,5,0.793407
12,747,83.33,8.1172,2.6541,2.1478,2.1478,10.3605,4.0471,0.108229,25.774,75,5,0.357175
13,808,90.86,3.9747,3.1302,2.2884,2.2884,10.3605,3.8914,0.065159,29.7486,61,5,0.255602
14,889,98.78,2.045,2.9577,2.271,2.271,10.3605,3.8974,0.025247,31.7936,81,6,0.689845
15,950,106.03,-2.1551,2.6121,1.9759,1.9759,10.3605,4.1726,-0.03533,29.6385,61,4,0.457565
16,1013,110.22,-0.4138,2.5143,1.8265,1.8265,10.3605,4.2305,-0.006569,29.2247,63,2,0.334105
17,1054,117.72,3.4275,2.2895,1.9207,1.9207,10.3605,4.1147,0.083599,32.6522,41,6,0.433079
18,1111,126.43,-2.4795,1.0055,1.6763,1.6763,10.3605,3.323,-0.043501,30.1727,57,5,0.707911
19,1231,137.15,9.0718,1.8898,2.0655,2.0655,10.3605,4.0873,0.075599,39.2445,120,12,0.957236
20,1294,143.61,-1.7942,1.6414,1.8725,1.8725,10.3605,4.2258,-0.028479,37.4504,63,6,0.504258
21,1353,149.97,1.8721,2.1666,1.8725,1.8725,10.3605,3.8815,0.03173,39.3225,59,5,0.475311
22,1408,156.07,0.913,1.4462,1.8289,1.8289,10.3605,3.3412,0.0166,40.2355,55,5,0.370565
23,1455,160.89,-3.9482,0.6539,1.5777,1.5777,10.3605,3.5786,-0.084005,36.2872,47,4,0.581241
24,1536,168.85,2.6104,0.7104,1.6207,1.6207,10.3605,3.6045,0.032228,38.8977,81,5,0.527877
25,1584,175.04,-3.0217,0.6237,1.435,1.435,10.3605,3.6819,-0.062953,35.876,48,5,0.623585
26,1685,185.52,8.6421,1.5293,1.7122,1.7122,10.3605,4.3656,0.085565,44.5181,101,19,1.10618
27,1746,192.71,-0.5528,1.1313,1.6283,1.6283,10.3605,4.3558,-0.009062,43.9653,61,7,0.686803
28,1829,201.12,1.3775,1.517,1.6194,1.6194,10.3605,4.1865,0.016596,45.3428,83,12,0.820266
29,1877,207.8,-3.6558,0.2442,1.4375,1.4375,10.3605,3.5882,-0.076163,41.6869,48,5,0.60338
30,1918,215.67,-4.1634,0.0073,1.2508,1.2508,10.3605,3.7876,-0.101547,37.5235,41,6,0.365115
31,1960,221.42,-1.3028,-0.3102,1.1684,1.1684,10.3605,3.7509,-0.03102,36.2207,42,4,0.348084
32,2021,230.45,-0.1952,-0.421,1.1258,1.1258,10.3605,3.7294,-0.0032,36.0255,61,5,0.434706
1,81,6.63,-0.953,-0.953,-0.953,-0.953,-0.953,0.0,-0.011765,-0.953,81,4,1.792158
2,142,11.82,4.5254,1.7862,1.7862,1.7862,4.5254,2.7392,0.074187,3.5724,61,6,0.329032
3,223,18.76,2.3081,1.9602,1.9602,1.9602,4.5254,2.25,0.028495,5.8805,81,5,0.644418
4,332,25.27,11.3208,4.3003,4.3003,4.3003,11.3208,4.4973,0.10386,17.2013,109,12,0.623636
5,433,32.01,0.6295,3.5662,3.5662,3.5662,11.3208,4.2821,0.006232,17.8308,101,5,1.60571
6,534,40.42,-0.4309,2.9,2.9,2.9,11.3208,4.1833,-0.004266,17.3999,101,6,2.125093
1,95,6.32,-0.9979,-0.9979,-0.9979,-0.9979,-0.9979,0.0,-0.010504,-0.9979,95,3,2.128625
2,176,12.99,-2.3362,-1.6671,-1.6671,-1.6671,-0.9979,0.6692,-0.028842,-3.3341,81,6,2.01163
3,277,19.93,2.5317,-0.2675,-0.2675,-0.2675,2.5317,2.0533,0.025066,-0.8025,101,5,1.541331
4,358,25.91,5.774,1.2429,1.2429,1.2429,5.774,3.1632,0.071284,4.9715,81,5,0.524555
5,459,32.0,-0.4147,0.9114,0.9114,0.9114,5.774,2.9059,-0.004106,4.5569,101,6,1.296264
6,800,51.94,55.4885,10.0076,10.0076,10.0076,55.4885,20.5119,0.162723,60.0453,341,25,6.908688
7,931,57.25,2.6789,8.9606,8.9606,8.9606,55.4885,19.1627,0.020449,62.7242,131,4,0.825004
8,1076,62.52,16.3634,9.8859,9.8859,9.8859,55.4885,18.0915,0.112851,79.0876,145,5,0.256406
9,1237,69.96,12.5612,10.1832,10.1832,10.1832,55.4885,17.0776,0.07802,91.6488,161,7,1.034387
10,1378,75.45,9.241,10.089,10.089,10.089,55.4885,16.2037,0.065539,100.8898,141,5,0.344031
11,1559,82.38,23.4788,12.5367,11.3062,11.3062,55.4885,16.1927,0.129717,124.3686,181,5,0.697967
12,1700,89.61,3.4751,13.1178,10.6536,10.6536,55.4885,15.7467,0.024646,127.8438,141,7,1.836384
13,1881,98.71,25.3024,15.3949,11.7805,11.7805,55.4885,15.6975,0.139792,153.1462,181,12,0.663556
14,1962,103.84,7.1168,15.5291,11.4474,11.4474,55.4885,15.6202,0.087861,160.263,81,5,0.337845
15,2049,130.3,10.5345,16.6241,11.3865,11.3865,55.4885,14.8279,0.121087,170.7975,87,22,0.476921
16,2170,138.37,10.6498,12.1402,11.3405,11.3405,55.4885,7.2309,0.088015,181.4473,121,7,1.813349
17,2351,149.99,39.1233,15.7846,12.9747,12.9747,55.4885,10.1421,0.216151,220.5706,181,29,1.169066
18,2620,165.08,28.5676,17.0051,13.841,13.841,55.4885,10.848,0.106199,249.1383,269,37,1.480932
19,2681,169.51,-3.2869,15.4203,12.9395,12.9395,55.4885,12.4245,-0.053884,245.8513,61,5,0.433182
20,2802,176.25,2.7354,14.7697,12.4293,12.4293,55.4885,12.8925,0.022607,248.5868,121,4,1.013585
21,2883,181.32,-1.4853,12.2733,11.7667,11.7667,55.4885,13.3725,-0.018336,247.1015,81,3,0.393358
22,2984,187.89,4.0695,12.3327,11.4169,11.4169,55.4885,13.3345,0.040292,251.1711,101,5,0.640441
23,3225,199.33,30.2405,12.8265,12.2353,12.2353,55.4885,13.8857,0.125479,281.4115,241,26,0.698131
24,3348,205.69,2.2482,12.3397,11.8192,11.8192,55.4885,14.16,0.018278,283.6598,123,6,1.475061
25,3681,224.49,48.9407,16.1803,13.304,13.304,55.4885,17.8716,0.146969,332.6005,333,57,1.976126
26,3802,230.09,13.8085,16.4962,13.3234,13.3234,55.4885,17.7988,0.11412,346.409,121,7,0.862962
27,3923,236.65,15.0346,14.0873,13.3868,13.3868,55.4885,16.1248,0.124253,361.4436,121,6,0.299693
28,4004,242.75,4.0857,11.6391,13.0546,13.0546,55.4885,15.5901,0.05044,365.5293,81,5,0.33887
29,4097,270.17,14.2099,13.3888,13.0945,13.0945,55.4885,14.7774,0.152795,379.7392,93,18,0.700146
30,4338,286.13,23.5413,15.4694,13.4427,13.4427,55.4885,14.5946,0.097682,403.2805,241,34,6.737474
31,4459,294.85,5.0215,16.12,13.171,13.171,55.4885,13.9552,0.0415,408.302,121,5,0.674464
32,4560,302.53,2.4047,15.9536,12.8346,12.8346,55.4885,14.1071,0.023809,410.7067,101,4,1.511484
33,4667,309.57,8.8426,13.8138,12.7136,12.7136,55.4885,13.3819,0.082641,419.5494,107,13,0.897886
34,4748,315.14,-0.1598,13.573,12.335,12.335,55.4885,13.6076,-0.001972,419.3896,81,3,0.852034
35,4849,320.7,10.7583,9.7547,12.2899,12.2899,55.4885,6.8039,0.106518,430.1479,101,5,0.398474
36,4970,328.39,2.2328,8.5972,12.0106,12.0106,55.4885,6.9977,0.018453,432.3807,121,7,1.888241
37,5091,334.59,10.5966,8.1534,11.9724,11.9724,55.4885,6.7102,0.087576,442.9773,121,5,0.393096
38,5172,340.07,-0.3134,7.7135,11.6491,11.6491,55.4885,7.0956,-0.003869,442.6639,81,5,0.503064
39,5353,348.39,11.382,7.4307,11.6422,11.6422,55.4885,6.8842,0.062884,454.0459,181,19,1.000556
40,5440,354.23,1.5821,5.2348,11.3907,11.3907,55.4885,4.4761,0.018185,455.628,87,4,0.958452
41,5521,359.73,5.4159,5.2742,11.245,11.245,55.4885,4.4758,0.066863,461.0439,81,5,0.436558
42,5742,370.83,23.9734,7.4311,11.548,11.548,55.4885,7.0373,0.108477,485.0174,221,13,0.781698
43,5903,378.43,26.8148,9.2283,11.9031,11.9031,55.4885,9.147,0.166552,511.8322,161,9,0.680014
44,6024,384.89,2.5029,9.4946,11.6894,11.6894,55.4885,8.9054,0.020685,514.3351,121,5,0.953826
45,6145,413.0,4.7351,8.8922,11.5349,11.5349,55.4885,9.0027,0.039133,519.0702,121,7,1.196669
46,6226,418.64,10.4324,9.7122,11.5109,11.5109,55.4885,8.728,0.128796,529.5026,81,5,0.287763
47,6367,426.62,12.8725,9.9398,11.5399,11.5399,55.4885,8.7777,0.091294,542.3751,141,6,1.562865
48,6476,431.52,8.9556,10.8667,11.4861,11.4861,55.4885,8.11,0.082162,551.3308,109,5,0.326282
49,6677,440.14,18.5726,11.5857,11.6307,11.6307,55.4885,8.436,0.092401,569.9034,201,10,0.721674
50,6858,447.5,23.8549,13.813,11.8752,11.8752,55.4885,8.4411,0.131795,593.7583,181,9,0.668287
51,6959,453.75,2.2466,13.4961,11.9401,11.6864,55.4885,8.8022,0.022244,596.0049,101,5,0.763909
52,7100,459.94,8.9636,11.9951,12.1661,11.634,55.4885,8.1426,0.063572,604.9685,141,5,0.435362
53,7221,467.5,14.3325,10.7469,12.4021,11.6849,55.4885,6.5824,0.11845,619.301,121,10,1.026456
54,7422,480.08,11.9326,11.6898,12.5252,11.6895,55.4885,5.9819,0.059366,631.2336,201,21,1.469388
55,7531,486.63,2.6754,11.4839,12.587,11.5256,55.4885,6.2474,0.024545,633.909,109,7,1.60758
56,7712,495.31,13.8989,11.8305,11.7553,11.568,55.4885,6.2756,0.076789,647.8079,181,7,1.48816
57,8093,516.02,85.3131,19.0746,13.4079,12.8618,85.3131,22.9514,0.223919,733.121,381,71,1.42419
58,8194,541.05,3.2642,18.5054,13.146,12.6963,85.3131,23.2637,0.032319,736.3852,101,2,0.297897
59,8315,547.78,6.506,17.2988,13.0248,12.5914,85.3131,23.5402,0.053768,742.8911,121,3,1.308212
60,8516,558.93,9.9576,15.909,13.0392,12.5475,85.3131,23.5224,0.04954,752.8487,201,17,1.429376
61,8643,567.02,11.4547,16.8298,12.7987,12.5296,85.3131,23.1468,0.090194,764.3034,127,11,0.798816
62,8804,577.95,22.784,18.2119,13.1849,12.695,85.3131,23.0482,0.141516,787.0874,161,26,0.775325
63,8945,584.18,14.1151,18.1902,12.9611,12.7175,85.3131,23.052,0.100107,801.2025,141,5,0.322946
64,9126,593.65,29.8983,19.9867,13.4168,12.9859,85.3131,23.1939,0.165184,831.1008,181,25,1.302622
65,9227,599.36,7.5137,20.4705,13.3563,12.9018,85.3131,22.876,0.074393,838.6144,101,5,0.428039
66,9398,607.42,17.7677,20.8574,13.4987,12.9755,85.3131,22.7942,0.103905,856.3822,171,9,0.636042
67,9719,622.62,41.2428,16.4504,13.5411,13.3974,85.3131,11.2364,0.128482,897.625,321,45,1.126388
68,9840,628.29,5.3531,16.6593,13.0768,13.2791,85.3131,11.0064,0.04424,902.9781,121,5,0.443928
69,9941,635.19,5.0869,16.5174,13.2443,13.1604,85.3131,11.1446,0.050366,908.065,101,8,1.470012
70,10058,640.38,4.8425,16.0059,13.2864,13.0415,85.3131,11.5442,0.041389,912.9076,117,4,1.168981
71,10179,646.96,9.808,15.8412,13.5123,12.996,85.3131,11.6194,0.081058,922.7156,121,5,0.685683
72,10242,670.76,-4.0403,13.1588,13.3501,12.7594,85.3131,12.7485,-0.064132,918.6752,63,5,0.279953
73,10403,680.7,19.4534,13.6926,13.1343,12.8511,85.3131,12.8883,0.120829,938.1287,161,27,1.217015
74,10524,686.31,1.8537,10.8882,13.1265,12.7025,85.3131,12.0829,0.01532,939.9824,121,2,0.762043
75,10665,692.74,5.7335,10.7101,12.2623,12.6095,85.3131,12.1443,0.040663,945.7159,141,5,0.575098
76,10826,701.23,21.064,11.0398,12.4074,12.7208,85.3131,12.3739,0.130832,966.7799,161,9,0.973737
77,10933,706.98,7.8356,7.699,12.2634,12.6573,85.3131,7.1943,0.07323,974.6155,107,5,0.293184
78,11054,713.27,10.9823,8.262,12.4014,12.6359,85.3131,7.209,0.090763,985.5978,121,4,0.589818
79,11215,721.36,15.6223,9.3155,12.4296,12.6737,85.3131,7.4343,0.097033,1001.2201,161,6,1.188511
80,11316,726.24,6.4031,9.4716,12.0869,12.5953,85.3131,7.3547,0.063397,1007.6232,101,5,0.286672
81,11477,732.53,7.7089,9.2616,12.1406,12.535,85.3131,7.372,0.047881,1015.3321,161,4,0.885144
82,11562,737.13,10.0754,10.6732,12.294,12.505,85.3131,5.8929,0.118534,1025.4075,85,5,0.312834
83,11683,743.73,2.1532,8.9432,12.1602,12.3802,85.3131,5.5932,0.017795,1027.5607,121,6,1.289017
84,11844,752.16,23.1152,11.0693,12.6257,12.508,85.3131,6.4669,0.143572,1050.6758,161,13,0.458046
85,11957,757.06,4.7892,10.9749,12.5063,12.4172,85.3131,6.5505,0.042382,1055.465,113,5,0.341199
86,12078,763.29,4.5916,9.3277,12.5535,12.3262,85.3131,5.8388,0.037947,1060.0566,121,3,0.999614
87,12159,769.68,-2.197,8.3244,12.2976,12.1593,85.3131,6.793,-0.027123,1057.8596,81,4,1.335234
88,12240,775.9,4.8092,7.7071,12.4001,12.0758,85.3131,6.8039,0.059372,1062.6687,81,5,1.27185
89,12289,800.2,-3.7676,5.7681,12.0971,11.8978,85.3131,7.031,-0.076889,1058.9012,49,1,0.392877
90,12430,810.16,3.4349,5.4713,12.1342,11.8037,85.3131,7.0605,0.024361,1062.336,141,7,2.891532
91,12611,819.89,17.509,6.4513,12.376,11.8664,85.3131,7.9297,0.096735,1079.845,181,23,0.501694
92,12712,827.45,3.8395,5.8277,11.9733,11.7792,85.3131,7.8651,0.038015,1083.6846,101,5,0.688653
93,12813,833.37,-0.4179,5.5706,11.4287,11.648,85.3131,8.0215,-0.004137,1083.2667,101,2,0.97157
94,13094,845.54,23.9313,5.6522,11.8573,11.7787,85.3131,8.2017,0.085165,1107.198,281,42,2.186648
95,13235,852.36,4.7381,5.6471,11.8573,11.7046,85.3131,8.2022,0.033603,1111.936,141,4,0.814262
96,13356,858.4,10.8797,6.2759,11.8663,11.696,85.3131,8.3371,0.089915,1122.8157,121,5,0.491404
97,13477,864.03,17.6292,8.2585,11.9614,11.7572,85.3131,8.4432,0.145696,1140.4449,121,5,0.311025
98,13978,890.61,55.7637,13.354,12.8976,12.2062,85.3131,16.4259,0.111305,1196.2086,501,80,2.073099
99,14119,900.54,17.6181,15.4925,12.8785,12.2609,85.3131,15.4188,0.124951,1213.8267,141,11,0.765349
100,14220,906.91,22.2333,17.3724,12.846,12.3606,85.3131,14.9736,0.220131,1236.0599,101,7,0.413736
101,14337,932.01,12.1619,16.8377,13.0443,12.4922,85.3131,15.0545,0.103948,1248.2218,117,16,0.409754
102,14458,938.04,13.4893,17.8027,13.1349,12.6505,85.3131,14.489,0.111482,1261.7111,121,5,0.322342
103,14659,950.13,15.9008,19.4345,13.1662,12.7841,85.3131,13.2073,0.079108,1277.6119,201,18,6.217827
104,14780,955.53,13.4057,18.382,13.1957,12.8605,85.3131,13.2264,0.110791,1291.0176,121,5,0.44964
105,15043,970.84,18.9934,19.8075,13.522,13.0545,85.3131,12.4228,0.072218,1310.0111,263,50,3.142119
106,15144,976.26,7.9786,19.5174,13.4036,12.5794,85.3131,12.6595,0.078996,1317.9896,101,5,0.392653
107,15265,983.18,14.0839,19.1629,11.9791,12.6935,85.3131,12.7567,0.116396,1332.0736,121,10,0.934871
108,15386,988.7,5.412,14.1277,12.022,12.584,85.3131,4.7252,0.044727,1337.4855,121,3,0.75449
109,15447,993.54,8.3992,13.2058,12.0599,12.5424,85.3131,4.8519,0.137691,1345.8847,61,5,0.248308
110,15668,1008.36,14.3398,12.4165,12.1475,12.5933,85.3131,3.8596,0.064886,1360.2245,221,7,8.763479
111,15749,1013.72,4.1825,11.6185,12.0021,12.4004,85.3131,4.5862,0.051636,1364.407,81,5,0.30426
112,15930,1024.69,21.3627,12.4059,11.9736,12.5793,85.3131,5.4368,0.118026,1385.7697,181,20,2.128371
113,16031,1032.03,7.1086,11.5266,11.8335,12.3973,85.3131,5.5109,0.070382,1392.8783,101,3,1.384913
114,16268,1041.46,15.837,11.7698,11.5523,12.4845,85.3131,5.6405,0.066823,1408.7153,237,8,1.518034
115,16385,1066.19,4.3954,10.31,11.4899,12.4231,85.3131,5.4685,0.037567,1413.1107,117,3,0.430016
116,16606,1075.04,38.8888,13.401,11.9123,12.7055,85.3131,10.0738,0.175967,1451.9995,221,18,0.478265
117,16727,1081.36,1.8782,12.1804,11.1251,12.3331,85.3131,10.6406,0.015523,1453.8777,121,3,0.977511
118,16828,1086.37,2.6041,11.8996,11.0701,12.0734,85.3131,10.8505,0.025783,1456.4818,101,5,0.307899
119,16949,1092.53,1.6716,11.2269,11.0018,12.123,85.3131,11.248,0.013815,1458.1534,121,8,0.477062
120,17050,1097.72,9.3904,10.7319,11.0927,12.1896,85.3131,11.2089,0.092974,1467.5438,101,5,0.258258
121,17131,1102.64,2.2313,10.5368,10.9412,12.2267,85.3131,11.3375,0.027546,1469.7751,81,5,0.451167
122,17252,1107.69,14.1525,9.8158,11.305,12.3276,85.3131,10.8446,0.116963,1483.9276,121,6,0.27517
123,17417,1112.71,9.3837,10.0433,11.1037,12.119,85.3131,10.8093,0.056871,1493.3113,165,5,0.284387
124,17618,1124.42,20.3107,10.4907,11.4728,12.2996,85.3131,11.1277,0.101048,1513.6219,201,27,3.37889
125,17739,1130.73,1.8161,10.2327,11.3944,11.8284,85.3131,11.2946,0.015009,1515.438,121,8,1.190886
126,17980,1143.04,33.4908,9.6929,11.643,12.0252,85.3131,9.9626,0.138966,1548.9288,241,26,0.936533
127,18071,1148.1,1.2051,9.6256,11.5104,11.8869,85.3131,10.0173,0.013243,1550.1339,91,5,0.447972
128,18212,1154.65,5.9346,9.9587,11.4094,11.9054,85.3131,9.832,0.042089,1556.0685,141,3,0.896699
129,18333,1162.13,9.328,10.7243,11.2835,11.8566,85.3131,9.4474,0.077091,1565.3965,121,6,1.405617
130,18434,1189.16,5.3081,10.3161,11.2616,11.6742,85.3131,9.5835,0.052555,1570.7046,101,6,0.671598
131,18555,1195.75,12.1065,11.3036,11.3496,11.7451,85.3131,9.2006,0.100053,1582.811,121,7,0.282979
132,18756,1205.54,18.7912,11.7675,11.5239,11.909,85.3131,9.4462,0.093489,1601.6023,201,28,2.337998
133,18945,1216.37,10.2036,11.8495,11.6849,11.9226,85.3131,9.4287,0.053987,1611.8059,189,20,1.387001
134,19046,1223.8,-0.4241,9.776,11.2141,11.9199,85.3131,9.618,-0.004199,1611.3818,101,16,2.344298
135,19167,1229.01,7.074,10.3018,11.2598,11.8831,85.3131,9.3072,0.058463,1618.4558,121,5,0.301498
136,19308,1234.99,7.6855,7.7212,11.3217,11.9376,85.3131,5.1842,0.054507,1626.1412,141,5,0.411729
137,19449,1242.02,7.3305,8.3338,11.5122,11.9049,85.3131,4.7191,0.05199,1633.4718,141,4,0.926198
138,19636,1253.69,23.6305,10.1034,11.8887,12.1444,85.3131,6.4778,0.126366,1657.1023,187,15,4.396119
139,19817,1262.59,11.8992,10.3605,12.202,12.1496,85.3131,6.4929,0.065742,1669.0015,181,12,0.985612
140,20018,1273.94,9.2169,10.7514,12.3176,12.2259,85.3131,6.2915,0.045855,1678.2184,201,36,2.963091
141,20219,1284.05,13.3324,10.874,12.2341,12.3051,85.3131,6.3286,0.06633,1691.5508,201,28,1.509111
142,20400,1293.73,8.878,9.8826,12.3349,12.1541,85.3131,5.7618,0.04905,1700.4287,181,26,1.506566
143,20461,1298.65,6.7312,9.5354,12.4779,11.9533,85.3131,5.8362,0.110348,1707.16,61,5,0.258805
144,20482,1321.75,-8.0846,8.7694,11.8375,11.8474,85.3131,7.3893,-0.38498,1699.0754,21,1,0.60963
145,20663,1331.5,37.5145,11.8134,12.4931,12.1752,85.3131,11.2994,0.207262,1736.5899,181,27,0.473939
146,20824,1339.05,8.2041,11.8653,12.4396,12.1529,85.3131,11.2815,0.050957,1744.794,161,3,1.070416
147,21085,1353.33,27.1316,13.8454,12.6296,12.2955,85.3131,12.025,0.103953,1771.9256,261,21,0.974526
148,21346,1366.94,20.4816,13.5305,11.924,12.4108,85.3131,11.8038,0.078473,1792.4072,261,31,1.420646
149,21433,1372.58,-1.6952,12.171,11.5377,12.2081,85.3131,12.6649,-0.019485,1790.712,87,4,1.48823
150,21554,1380.77,4.1455,11.6639,11.176,12.011,85.3131,12.8728,0.03426,1794.8575,121,6,2.170072
151,21715,1391.35,15.9432,11.925,11.2516,12.148,85.3131,12.9304,0.099026,1810.8007,161,15,2.413216
152,21836,1397.68,1.7597,11.2132,11.017,12.0759,85.3131,13.27,0.014543,1812.5604,121,3,1.033981
153,22137,1416.43,49.8678,15.5268,11.6963,12.4313,85.3131,17.4612,0.165674,1862.4282,301,43,0.698299
154,22258,1423.56,10.435,17.3788,11.6369,12.4163,85.3131,15.7578,0.08624,1872.8632,121,4,0.942707
155,22359,1430.24,1.6973,13.7971,11.291,12.4065,85.3131,14.8164,0.016805,1874.5605,101,3,1.173469
156,22440,1436.0,0.2534,13.002,11.1365,12.2701,85.3131,15.3006,0.003129,1874.8139,81,5,0.622416
157,22529,1459.07,-1.5506,10.1338,10.8238,11.4014,85.3131,15.0696,-0.017423,1873.2633,89,3,0.339932
158,22670,1466.65,3.4129,8.4269,10.7838,11.4029,85.3131,14.7645,0.024205,1876.6761,141,11,0.942244
159,22931,1482.02,65.2832,15.1247,11.9215,11.9907,85.3131,22.0487,0.250127,1941.9593,261,32,0.48807
160,23052,1489.64,6.8688,15.3971,11.7721,11.9598,85.3131,21.9279,0.056767,1948.8281,121,4,1.329917
161,23313,1501.93,31.2529,16.928,12.3135,12.1578,85.3131,22.4411,0.119743,1980.081,261,28,1.253121
162,23434,1508.22,12.0702,17.9591,12.1276,12.0506,85.3131,21.952,0.099754,1992.1512,121,5,0.26239
163,23565,1513.87,5.0768,13.48,12.087,11.9603,85.3131,19.4064,0.038754,1997.228,131,3,0.893804
164,23766,1523.91,29.3129,15.3678,12.3565,11.9544,85.3131,19.9295,0.145835,2026.5409,201,7,0.241935
165,23967,1536.17,11.3611,16.3342,12.4958,11.9929,85.3131,19.4722,0.056523,2037.902,201,20,1.483625
166,24048,1541.75,5.0364,16.8125,11.8188,11.8656,85.3131,19.127,0.062178,2042.9384,81,5,0.498064
167,24189,1548.14,11.1228,18.0798,12.0037,11.5644,85.3131,18.2689,0.078885,2054.0612,141,3,0.63802
168,24310,1555.62,12.9805,19.0366,12.2112,11.6406,85.3131,17.718,0.107277,2067.0417,121,5,0.302763
169,24491,1566.37,29.6607,15.4743,12.771,11.8864,85.3131,9.9323,0.163871,2096.7024,181,25,0.614189
170,24578,1592.64,-0.7092,14.7165,12.569,11.8309,85.3131,10.8102,-0.008152,2095.9932,87,11,0.950004
171,24779,1604.96,17.1377,13.305,12.8671,11.9042,85.3131,9.3867,0.085262,2113.1309,201,22,1.145122
172,24880,1611.18,3.1469,12.4127,12.647,11.976,85.3131,9.8732,0.031158,2116.2778,101,5,0.498451
173,25053,1618.73,17.0994,13.6149,12.8013,11.9525,85.3131,9.6358,0.098841,2133.3773,173,5,1.227622
174,25274,1630.92,25.3414,13.2178,12.9019,12.1874,85.3131,9.0443,0.114667,2158.7187,221,21,1.450096
175,25375,1637.66,5.7641,12.6581,12.9809,12.1877,85.3131,9.3111,0.057071,2164.4829,101,5,0.678324
176,25780,1662.53,65.9607,18.7505,13.6303,12.6366,85.3131,18.1077,0.162866,2230.4435,405,62,1.035199
177,25861,1668.3,6.8299,18.3212,13.7428,12.6266,85.3131,18.3329,0.08432,2237.2734,81,5,0.576094
178,25962,1674.54,5.1238,17.5356,13.7266,12.568,85.3131,18.7094,0.050731,2242.3972,101,5,0.501462
179,26103,1682.95,6.5965,15.2291,13.6719,12.4777,85.3131,18.4929,0.046784,2248.9937,141,5,1.659494
180,26244,1692.01,7.7721,16.0773,13.7212,12.4914,85.3131,17.9283,0.055122,2256.7659,141,10,1.075797
181,26425,1703.7,15.6035,15.9238,13.7912,12.5704,85.3131,17.9252,0.086207,2272.3693,181,17,1.517439
182,26566,1711.92,12.9381,16.903,13.6741,12.599,85.3131,17.462,0.091759,2285.3074,141,9,0.62272
183,26625,1737.4,-1.9321,14.9998,13.4314,12.5581,85.3131,18.3513,-0.032748,2283.3753,59,5,0.307855
184,26826,1749.79,25.8501,15.0507,13.9569,12.5855,85.3131,18.3806,0.128607,2309.2253,201,28,1.094534
185,27027,1761.32,22.3598,16.7102,14.2626,12.7612,85.3131,18.2156,0.111243,2331.5851,201,27,1.057383
186,27188,1770.17,16.967,11.8109,14.4482,12.885,85.3131,8.0778,0.105385,2348.5521,161,9,0.587021
187,27289,1776.96,10.0984,12.1377,14.5036,13.0079,85.3131,7.9345,0.099984,2358.6505,101,5,0.55264
188,27430,1785.68,4.9934,12.1247,14.1308,13.0098,85.3131,7.9462,0.035414,2363.644,141,7,1.722741
189,27711,1801.59,29.2938,14.3944,14.4787,13.3404,85.3131,9.1876,0.104248,2392.9378,281,42,3.180271
190,27912,1814.51,18.0897,15.4262,14.6562,13.4869,85.3131,8.9625,0.089999,2411.0275,201,35,3.21161
191,28013,1821.19,3.4675,14.2126,14.4589,13.3465,85.3131,9.6515,0.034332,2414.495,101,3,0.974491
192,28254,1836.45,15.7739,14.4962,14.5968,13.4658,85.3131,9.6516,0.065452,2430.2689,241,42,2.749224
193,28395,1842.45,5.405,15.2299,14.5703,13.5241,85.3131,8.596,0.038333,2435.6739,141,3,0.694014
194,28540,1849.08,9.8536,13.6302,14.929,13.3833,85.3131,7.9337,0.067956,2445.5275,145,4,0.911318
195,28641,1855.54,22.8823,13.6825,14.6364,13.5647,85.3131,7.9925,0.226557,2468.4097,101,6,0.242434
196,28674,1877.75,-6.9302,11.2927,14.3337,13.3866,85.3131,9.9789,-0.210006,2461.4795,33,6,0.708892
197,28795,1884.19,7.2119,11.0041,13.9353,13.2825,85.3131,10.0508,0.059603,2468.6915,121,5,1.540934
198,28916,1892.57,16.6264,12.1674,13.8582,12.8911,85.3131,9.9606,0.137408,2485.3178,121,14,0.79401
199,29017,1898.97,3.5456,9.5926,13.963,12.7504,85.3131,8.4075,0.035105,2488.8634,101,4,1.29152
200,29138,1906.19,5.4682,8.3304,13.9895,12.5827,85.3131,7.9733,0.045192,2494.3316,121,9,0.837077
201,29289,1912.67,16.7584,9.6595,14.0058,12.6287,85.3131,8.1575,0.110983,2511.09,151,5,0.438114
202,29450,1922.48,17.2238,9.8045,14.3151,12.666,85.3131,8.2769,0.10698,2528.3138,161,24,2.119544
203,29631,1928.64,12.3933,10.5033,13.5656,12.631,85.3131,8.1703,0.068471,2540.7071,181,5,0.4264
204,29772,1934.83,6.251,10.1431,13.4819,12.5594,85.3131,8.2698,0.044333,2546.9581,141,4,0.961519
205,30001,1943.68,39.1314,11.768,14.2306,12.7608,85.3131,11.5565,0.170879,2586.0894,229,19,0.830148
206,30082,1948.66,1.8587,12.6469,14.2627,12.6996,85.3131,10.3749,0.022947,2587.9482,81,5,0.511876
207,30243,1956.59,15.9042,13.5161,14.6118,12.7178,85.3131,10.2464,0.098784,2603.8524,161,4,0.774829
208,30364,1962.85,1.4969,12.0031,14.5735,12.6786,85.3131,10.7786,0.012371,2605.3493,121,3,1.184547
209,30529,1971.55,24.0342,14.052,13.7485,12.835,85.3131,10.9226,0.145662,2629.3835,165,20,1.087957
210,30610,1977.15,1.2483,13.63,13.6361,12.7041,85.3131,11.3203,0.015411,2630.6318,81,5,0.510869
211,30721,2000.12,0.5554,12.0097,13.0221,12.6678,85.3131,11.9013,0.005004,2631.1872,111,5,0.266262
212,31042,2018.01,45.6626,14.8536,13.694,12.9108,85.3131,15.6232,0.142251,2676.8498,321,37,1.495679
213,31203,2029.2,9.3873,14.553,13.7802,12.9336,85.3131,15.6964,0.058306,2686.2371,161,24,2.418402
214,31364,2040.41,8.7223,14.8001,13.3684,12.8624,85.3131,15.5828,0.054176,2694.9594,161,16,5.242123
215,31565,2052.88,43.9901,15.286,14.0209,13.2584,85.3131,16.3888,0.218856,2738.9495,201,34,1.151549
216,31646,2058.41,6.7283,15.773,14.0548,12.9368,85.3131,16.0515,0.083065,2745.6778,81,5,0.325401
217,31767,2066.53,26.5515,16.8377,14.3634,13.1835,85.3131,16.3748,0.219434,2772.2293,121,13,0.629408
218,31848,2072.93,-1.0506,16.5829,14.0827,13.147,85.3131,16.6293,-0.01297,2771.1787,81,8,1.329159
219,31949,2079.84,2.4473,14.4243,13.5385,13.1547,85.3131,16.9205,0.02423,2773.626,101,4,1.415135
220,32050,2085.94,3.6724,14.6667,13.6261,13.0975,85.3131,16.7464,0.03636,2777.2984,101,5,0.566539
221,32291,2097.39,30.5687,17.668,13.8947,13.3809,85.3131,16.6376,0.126841,2807.8671,241,17,0.840537
222,32432,2103.7,14.6645,14.5682,14.1251,13.386,85.3131,13.7744,0.104003,2822.5315,141,5,0.318601
223,32593,2112.55,9.4452,14.574,13.972,13.3867,85.3131,13.7722,0.058666,2831.9767,161,20,2.527862
224,32770,2143.38,19.4521,15.6469,13.8542,13.3781,85.3131,13.6923,0.109899,2851.4288,177,15,0.65065
225,32971,2153.35,14.6912,12.7171,14.0327,13.5068,85.3131,9.9324,0.073091,2866.12,201,14,0.884479
226,33092,2160.52,4.5496,12.4992,12.8045,13.2174,85.3131,10.0841,0.0376,2870.6696,121,6,1.247849
227,33193,2167.34,7.7576,10.6198,12.8231,13.2829,85.3131,8.981,0.076808,2878.4272,101,5,0.948502
228,33274,2172.35,4.8178,11.2066,12.817,13.2718,85.3131,8.3702,0.059479,2883.245,81,5,0.314404
229,33535,2186.22,19.4212,12.904,13.0734,13.3727,85.3131,8.1396,0.074411,2902.6662,261,31,3.153815
230,33796,2201.86,26.9582,15.2326,13.4572,13.5892,85.3131,8.4889,0.103288,2929.6244,261,36,1.185737
231,33997,2213.48,10.9724,13.273,13.3646,13.5779,85.3131,6.8203,0.054589,2940.5969,201,26,0.998921
232,34118,2219.52,8.4296,12.6495,13.2744,13.4742,85.3131,6.9484,0.069666,2949.0265,121,5,1.159418
233,34299,2228.45,8.9412,12.5991,13.4918,13.4616,85.3131,6.9732,0.049399,2957.9677,181,14,2.254748
234,34480,2240.4,8.6659,11.5205,13.1482,13.5525,85.3131,6.6568,0.047878,2966.6335,181,18,4.152639
235,34669,2252.0,34.5642,13.5078,13.3923,13.8274,85.3131,9.6156,0.182879,3001.1977,189,26,0.891356
236,34818,2283.17,11.7642,14.2292,13.2882,13.8682,85.3131,9.1771,0.078955,3012.962,149,18,1.207391
237,34939,2290.45,7.8829,14.2418,13.2439,13.8737,85.3131,9.1683,0.065148,3020.8449,121,5,0.8296
238,35040,2295.92,-0.4129,13.7187,13.1358,13.6333,85.3131,9.8173,-0.004088,3020.432,101,5,0.479268
239,35221,2303.21,20.6067,13.8372,12.962,13.7204,85.3131,9.8923,0.113849,3041.0387,181,10,0.485551
240,35502,2319.57,67.2862,17.87,13.9459,14.3011,85.3131,18.7098,0.239453,3108.3249,281,28,0.627931
241,35633,2325.64,10.5692,17.8297,14.088,14.2734,85.3131,18.7251,0.080681,3118.8941,131,4,1.03974
242,35774,2331.8,15.1314,18.4999,14.0751,14.336,85.3131,18.4952,0.107315,3134.0256,141,5,0.352131
243,35915,2338.08,12.1855,18.8243,14.2107,14.3905,85.3131,18.3525,0.086422,3146.2111,141,5,0.344619
244,36036,2344.66,6.1946,18.5772,14.1376,14.5333,85.3131,18.5037,0.051195,3152.4057,121,5,1.034011
245,36297,2358.67,38.7123,18.992,14.4542,14.5453,85.3131,18.8997,0.148323,3191.1179,261,44,0.847623
246,36398,2364.72,2.703,18.0859,14.6468,14.4903,85.3131,19.4342,0.026762,3193.8209,101,4,1.248313
247,36479,2371.09,-1.268,17.1708,14.4772,14.2063,85.3131,20.0972,-0.015654,3192.5529,81,4,1.360678
248,36600,2378.09,8.0323,18.0153,14.3053,14.0818,85.3131,19.5094,0.066383,3200.5852,121,5,1.065013
249,36961,2420.82,64.153,22.37,15.5175,14.7403,85.3131,23.9552,0.177709,3264.7382,361,51,1.424547
250,37142,2432.01,21.0393,17.7453,15.8289,14.9092,85.3131,18.7321,0.116239,3285.7775,181,20,2.089406
251,37243,2437.36,5.1828,17.2066,15.5974,14.8016,85.3131,19.0061,0.051314,3290.9603,101,5,0.312064
252,37404,2445.53,20.6383,17.7573,15.6657,14.9904,85.3131,19.0178,0.128188,3311.5985,161,13,0.52309
253,37585,2455.22,17.1891,18.2577,15.7616,14.6636,85.3131,18.9303,0.094968,3328.7877,181,19,0.904813
254,37686,2461.61,1.1974,17.7579,15.6605,14.5712,85.3131,19.3044,0.011855,3329.985,101,3,1.335855
255,37787,2467.26,8.5866,14.7454,15.0496,14.6401,85.3131,18.1131,0.085016,3338.5717,101,5,0.435573
256,37888,2473.62,12.9796,15.773,15.2721,14.7674,85.3131,17.6873,0.128511,3351.5512,101,5,0.424837
257,38029,2483.53,22.1569,18.1155,15.3971,15.0044,85.3131,16.8044,0.157141,3373.7081,141,13,1.024571
258,38326,2501.55,32.5572,20.568,16.0183,15.2959,85.3131,16.9429,0.10962,3406.2653,297,50,1.763223
259,38467,2508.55,12.2059,15.3733,15.7818,14.7651,85.3131,8.7809,0.086567,3418.4712,141,5,0.409314
260,38568,2515.79,5.2108,13.7905,15.861,14.7485,85.3131,9.0397,0.051592,3423.682,101,5,0.59036
261,38749,2527.09,19.3127,15.2034,16.2361,14.6291,85.3131,8.681,0.1067,3442.9947,181,16,1.520934
262,38914,2558.12,9.7016,14.1098,15.5169,14.6055,85.3131,8.6161,0.058797,3452.6963,165,35,1.988402
263,39075,2569.12,12.8512,13.676,15.5862,14.6832,85.3131,8.5592,0.079821,3465.5475,161,28,3.308141
264,39276,2579.96,11.802,14.7364,15.6478,14.5081,85.3131,7.5442,0.058716,3477.3495,201,20,2.849739
265,39497,2592.12,11.4356,15.0213,14.9967,14.5088,85.3131,7.3581,0.051745,3488.7851,221,28,1.775182
266,39778,2609.84,30.9462,16.818,15.4811,14.7679,85.3131,8.7096,0.110129,3519.7313,281,46,1.765279
267,39999,2620.83,14.0468,16.007,15.231,14.7972,85.3131,8.5508,0.06356,3533.778,221,25,1.421721
268,40240,2637.17,20.6186,14.8131,15.6644,14.8735,85.3131,6.8137,0.085554,3554.3966,241,29,3.278855
269,40441,2650.71,48.76,18.4685,16.5906,15.0645,85.3131,12.1501,0.242587,3603.1566,201,37,1.542284
270,40622,2662.39,12.7837,19.2258,16.7728,15.1995,85.3131,11.5198,0.070628,3615.9403,181,22,1.36632
271,40803,2672.85,11.1925,18.4138,16.3853,15.14,85.3131,11.7685,0.061837,3627.1328,181,24,2.81313
272,40962,2701.32,15.1956,18.9632,16.3959,15.2605,85.3131,11.4735,0.09557,3642.3284,159,18,0.788229
273,41243,2717.11,35.8567,21.2638,16.9242,15.4481,85.3131,12.2944,0.127604,3678.1851,281,39,1.716668
274,41404,2726.76,10.94,21.1776,16.7539,15.3041,85.3131,12.3633,0.06795,3689.1251,161,10,1.113888
275,41545,2735.32,27.8934,22.8233,17.018,15.5254,85.3131,12.0483,0.197825,3717.0184,141,20,0.555489
276,41968,2762.0,66.3691,26.3656,18.2544,15.5294,85.3131,17.7662,0.156901,3783.3875,423,64,1.504047
277,42109,2772.0,14.2311,26.3841,18.3838,15.6035,85.3131,17.7535,0.10093,3797.6187,141,28,1.750544
278,42170,2777.02,-4.2513,23.8971,18.2024,15.5097,85.3131,19.9883,-0.069693,3793.3674,61,3,0.660597
279,42331,2784.98,12.2696,20.248,18.0594,15.5664,85.3131,18.3826,0.076209,3805.637,161,5,1.273288
280,42652,2803.35,69.1933,25.889,18.9041,16.1806,85.3131,23.2399,0.215555,3874.8303,321,38,1.251985
281,42953,2821.68,40.9757,28.8673,19.5042,16.4344,85.3131,23.0734,0.136132,3915.806,301,46,2.288608
282,43010,2844.46,-4.627,26.8851,19.2431,16.2587,85.3131,24.9389,-0.081175,3911.179,57,5,0.455801
283,43111,2852.13,2.5001,23.5494,19.1142,16.303,85.3131,25.7339,0.024753,3913.679,101,5,1.559103
284,43272,2862.87,21.8349,24.6389,19.3776,16.2629,85.3131,25.4056,0.135621,3935.514,161,11,0.496597
285,43453,2874.39,17.1244,23.562,19.0288,16.2105,85.3131,25.473,0.09461,3952.6384,181,36,2.822586
286,43634,2886.23,16.5661,18.5817,19.1249,16.2065,85.3131,21.112,0.091526,3969.2045,181,32,1.009296
287,43815,2897.68,22.4968,19.4083,19.4171,16.3305,85.3131,21.0873,0.124292,3991.7013,181,19,1.267685
288,44076,2912.51,29.8194,22.8153,20.0218,16.5788,85.3131,19.6959,0.114251,4021.5208,261,29,1.196313
289,44143,2917.29,7.238,22.3122,19.7544,16.3582,85.3131,20.0205,0.10803,4028.7588,67,5,0.357953
290,44264,2924.74,6.3422,16.0271,18.5355,16.2407,85.3131,12.9242,0.052415,4035.101,121,6,2.371034
291,44545,2941.81,54.8946,17.419,19.422,16.755,85.3131,15.935,0.195354,4089.9956,281,41,1.686395
292,44626,2947.39,13.3112,19.2128,19.3856,16.7304,85.3131,14.2755,0.164336,4103.3067,81,5,0.257289
293,44747,2954.76,20.499,21.0127,19.5519,16.8813,85.3131,13.1448,0.169413,4123.8057,121,14,0.586684
294,44868,2962.73,16.3789,20.4671,19.7556,16.9466,85.3131,13.2124,0.135363,4140.1846,121,9,0.598161
295,44969,2970.18,-0.3565,18.719,18.9742,16.7142,85.3131,14.6204,-0.00353,4139.8281,101,7,1.900228
296,45050,2976.2,3.4033,17.4027,18.9882,16.8175,85.3131,15.3303,0.042016,4143.2314,81,5,0.678549
297,45057,2998.81,-9.4265,14.2104,18.825,16.6511,85.3131,17.1526,-1.34665,4133.8048,7,2,1.355579
298,45138,3004.88,-0.5659,11.1718,18.6531,16.4792,85.3131,16.8062,-0.006986,4133.239,81,5,0.773967
299,45419,3023.37,60.877,16.5357,18.5876,17.0525,85.3131,22.3426,0.216644,4194.116,281,41,0.970627
300,45780,3045.35,67.1306,22.6146,19.5094,17.6691,85.3131,26.6051,0.185957,4261.2466,361,49,1.186856
301,46061,3063.2,44.2785,21.553,20.2913,17.9444,85.3131,25.484,0.157575,4305.5251,281,57,2.14485
302,46202,3072.68,12.9183,21.5137,20.1369,17.9013,85.3131,25.497,0.091619,4318.4434,141,16,1.394795
303,46323,3080.96,18.3249,21.2963,20.1596,17.9606,85.3131,25.514,0.151445,4336.7683,121,11,1.179312
304,46604,3098.97,27.3866,22.397,20.6834,18.172,85.3131,25.5156,0.097461,4364.1548,281,48,2.502315
305,46765,3109.77,19.8903,24.4217,20.9095,17.9796,85.3131,24.409,0.123542,4384.0451,161,12,0.907221
306,46906,3118.24,15.1525,25.5966,20.9529,18.1125,85.3131,23.6397,0.107465,4399.1976,141,11,1.005611
307,47147,3153.14,52.9832,31.8376,21.5695,18.4833,85.3131,21.7307,0.219847,4452.1808,241,18,0.58481
308,47392,3168.99,46.145,36.5087,21.8412,18.9298,85.3131,19.1279,0.188347,4498.3258,245,27,1.025285
309,47513,3177.12,8.5989,31.2809,21.7691,18.7754,85.3131,18.8961,0.071065,4506.9246,121,5,1.510351
310,47834,3198.57,39.975,28.5653,22.4644,19.1627,85.3131,15.1237,0.124533,4546.8997,321,42,1.862015
311,48027,3209.34,18.0957,25.947,22.44,19.3381,85.3131,14.4271,0.09376,4564.9953,193,18,1.051509
312,48268,3224.8,54.2696,30.0822,23.3314,19.4242,85.3131,15.9463,0.225185,4619.265,241,26,0.453565
313,48469,3237.31,23.8958,30.6392,23.5523,19.5692,85.3131,15.6198,0.118885,4643.1608,201,28,1.29903
314,48600,3245.34,2.6777,28.1684,23.3698,19.5088,85.3131,17.7483,0.02044,4645.8384,131,10,0.975454
315,48769,3256.56,37.9558,29.9749,23.9002,19.4484,85.3131,17.7331,0.22459,4683.7942,169,20,1.366196
316,49090,3277.18,60.945,34.5542,24.5002,19.9906,85.3131,19.1687,0.18986,4744.7392,321,48,1.556791
317,49153,3303.53,1.6375,29.4196,24.252,19.7415,85.3131,20.3829,0.025993,4746.3767,63,8,0.50098
318,49254,3309.96,0.9945,24.9045,23.8595,19.7619,85.3131,21.1637,0.009846,4747.3712,101,5,0.69551
319,49363,3316.35,4.7044,24.5151,22.9784,19.7845,85.3131,21.4934,0.04316,4752.0756,109,5,0.708676
320,49484,3324.85,30.1375,23.5313,23.3255,20.0491,85.3131,20.9823,0.24907,4782.2131,121,11,0.81507
321,49805,3344.12,52.0132,26.9231,24.1419,20.2636,85.3131,22.5149,0.162035,4834.2263,321,49,1.57443
322,49966,3355.36,16.4684,23.143,24.1673,20.2816,85.3131,20.707,0.102288,4850.6947,161,21,1.20332
323,50167,3369.38,22.1404,22.9674,23.893,20.4086,85.3131,20.7073,0.110151,4872.8352,201,26,3.198822
324,50268,3375.62,6.8545,23.3851,23.8113,20.2826,85.3131,20.3325,0.067867,4879.6897,101,5,0.567988
325,50449,3385.33,12.6283,20.8524,23.506,20.262,85.3131,19.9333,0.06977,4892.318,181,9,0.904757
326,50750,3404.13,55.8964,20.3475,23.2965,20.7754,85.3131,18.9513,0.185702,4948.2143,301,26,1.025979
327,50871,3411.81,8.1686,21.0006,23.1753,20.7796,85.3131,18.3997,0.067509,4956.3829,121,5,0.540324
328,51032,3421.13,13.2332,22.2245,23.525,20.8637,85.3131,17.4086,0.082194,4969.6162,161,10,0.93341
329,51173,3428.44,4.8938,22.2434,23.3775,20.7184,85.3131,17.3897,0.034708,4974.5099,141,9,0.651864
330,51202,3451.18,-7.31,18.4987,21.8474,20.3758,85.3131,19.222,-0.25207,4967.1999,29,36,1.168248
331,51443,3461.01,34.3924,16.7366,21.7157,20.61,85.3131,16.7129,0.142707,5001.5923,241,10,0.897178
332,51550,3467.4,3.9457,15.4843,21.8872,20.5651,85.3131,17.1495,0.036876,5005.538,107,5,0.774975
333,51737,3479.86,31.1785,16.3881,22.4607,20.7875,85.3131,17.7056,0.16673,5036.7165,187,39,1.33893
334,51798,3484.25,-3.4452,15.3582,21.9551,20.6664,85.3131,18.5115,-0.056479,5033.2712,61,2,0.693972
335,52019,3497.02,43.6821,18.4635,22.4863,20.7576,85.3131,20.3104,0.197657,5076.9533,221,30,0.878301
336,52120,3503.44,11.4598,14.0199,22.3842,20.7545,85.3131,16.0483,0.113463,5088.4131,101,5,0.412174
337,52301,3512.32,12.7918,14.4822,22.1901,20.8036,85.3131,15.9393,0.070673,5101.2049,181,11,0.822142
338,52552,3528.0,38.9403,17.0529,22.3725,21.1971,85.3131,17.5248,0.155141,5140.1452,251,40,1.368629
339,52773,3542.5,24.0859,18.9721,22.7094,21.2319,85.3131,17.1346,0.108986,5164.2311,221,30,3.758468
340,53174,3566.41,60.4265,25.7458,23.7911,21.1633,85.3131,18.7212,0.15069,5224.6577,401,87,2.577988
341,53249,3592.86,-1.9468,22.1119,22.6543,21.0382,85.3131,20.1616,-0.025957,5222.7108,75,12,0.955622
342,53370,3600.41,9.088,22.6261,22.5698,20.9777,85.3131,19.7532,0.075108,5231.7989,121,5,0.418323
343,53635,3614.93,24.2171,21.93,22.6442,21.098,85.3131,19.5612,0.091385,5256.016,265,26,1.077307
344,53796,3623.85,17.7109,24.0456,22.6708,21.2132,85.3131,17.7639,0.110005,5273.7269,161,26,0.840832
345,54057,3640.46,25.2583,22.2032,23.1831,21.0787,85.3131,16.5454,0.096775,5298.9851,261,26,1.091999
346,54278,3655.01,17.6056,22.8178,23.4672,21.2277,85.3131,16.2463,0.079663,5316.5907,221,28,2.05808
347,54419,3664.57,25.7525,24.1138,24.1708,21.4979,85.3131,15.9083,0.182642,5342.3432,141,13,1.187145
348,54580,3675.37,17.3124,21.951,24.5283,21.5907,85.3131,15.2,0.107531,5359.6556,161,11,0.881958
349,54701,3683.68,6.1962,20.1621,23.4347,21.0111,85.3131,15.8809,0.051208,5365.8518,121,15,1.338859
350,55002,3703.56,41.7501,18.2944,22.9271,21.2182,85.3131,11.5411,0.138705,5407.6019,301,33,1.258518
351,55297,3743.02,40.3988,22.529,22.8495,21.5704,85.3131,11.0976,0.136945,5448.0007,295,37,1.995086
352,55438,3752.67,21.5528,23.7755,23.0222,21.5796,85.3131,10.18,0.152857,5469.5535,141,22,1.661735
353,55579,3762.45,4.5144,21.8052,22.746,21.4528,85.3131,11.6974,0.032017,5474.0679,141,28,1.783808
354,55760,3775.0,47.4218,24.7763,23.1467,21.915,85.3131,13.8545,0.261999,5521.4897,181,26,0.911441
355,55837,3780.11,-2.2815,22.0223,22.7033,21.8064,85.3131,16.0484,-0.02963,5519.2082,77,5,0.52177
356,56078,3796.65,21.2791,22.3897,22.8258,21.8894,85.3131,15.985,0.088295,5540.4873,241,42,1.682253
357,56319,3812.61,37.8975,23.6042,22.5241,22.0468,85.3131,16.6423,0.157251,5578.3848,241,26,0.980769
358,56460,3822.46,7.3306,22.606,21.7478,21.7945,85.3131,17.2769,0.05199,5585.7155,141,11,0.853767
359,56761,3842.27,55.5105,27.5374,22.686,22.2275,85.3131,18.8551,0.18442,5641.226,301,47,1.704488
360,57022,3858.64,27.2399,26.0864,22.4313,22.4478,85.3131,18.2543,0.104368,5668.4659,261,26,1.530525
361,57243,3872.82,19.3615,23.9827,22.4566,22.4483,85.3131,17.687,0.087609,5687.8274,221,26,1.183654
362,57346,3900.61,13.2224,23.1496,21.6357,22.4835,85.3131,17.9757,0.128373,5701.0498,103,6,0.484151
363,57767,3927.38,52.261,27.9243,22.203,22.8776,85.3131,18.7176,0.124135,5753.3108,421,52,1.300571
364,57994,3941.44,33.8204,26.5641,22.8259,23.0978,85.3131,17.7189,0.148988,5787.1312,227,28,1.547581
365,58175,3953.38,34.2432,30.2166,22.7516,23.3259,85.3131,14.9435,0.189189,5821.3744,181,26,0.737531
366,58328,3963.17,9.7203,29.0607,21.7271,23.1136,85.3131,15.9998,0.063531,5831.0947,153,23,2.761913
367,58415,3969.21,4.188,25.6898,21.7781,23.015,85.3131,17.2826,0.048138,5835.2827,87,5,0.625671
368,58480,3974.21,2.6931,25.226,21.8121,22.8358,85.3131,17.8228,0.041432,5837.9758,65,5,0.434352
369,58641,3984.88,19.568,21.6318,22.1094,22.5439,85.3131,14.7044,0.12154,5857.5437,161,24,1.167725
370,58762,3993.65,1.4847,19.0563,21.5363,22.4309,85.3131,15.7172,0.01227,5859.0284,121,11,1.597745
371,58923,4004.52,12.8834,18.4084,20.7537,22.4478,85.3131,15.8244,0.080021,5871.9118,161,38,1.714115
372,59144,4019.34,27.5206,19.8383,20.9748,22.571,85.3131,15.9368,0.124528,5899.4325,221,26,1.026426
373,59345,4032.56,35.6427,18.1764,21.2448,22.5689,85.3131,13.0795,0.177327,5935.0751,201,26,0.677145
374,59486,4062.93,3.3936,15.1338,21.1756,22.4934,85.3131,12.6173,0.024068,5938.4687,141,1,6.982169
375,59907,4089.89,82.0416,19.9136,22.5638,23.0349,85.3131,23.3987,0.194873,6020.5103,421,48,0.893686
376,60288,4114.08,63.1095,25.2525,22.7081,23.0023,85.3131,26.3665,0.165642,6083.6198,381,63,1.676311
377,60363,4119.1,5.3723,25.3709,22.6522,22.9137,85.3131,26.2741,0.07163,6088.9921,75,5,0.539783
378,60504,4128.7,30.2816,28.1298,22.9931,23.2591,85.3131,25.1734,0.214763,6119.2737,141,21,0.755714
379,60765,4146.11,35.8992,29.7629,23.6133,23.4954,85.3131,25.0946,0.137545,6155.1729,261,22,1.501188
380,60946,4159.15,17.0834,31.3228,24.1011,22.9743,85.3131,23.7364,0.094383,6172.2563,181,23,1.504487
381,61147,4170.83,25.2064,32.5551,23.9174,22.8166,85.3131,23.0573,0.125405,6197.4626,201,29,1.372294
382,61328,4181.48,17.2884,31.5319,24.1843,23.0357,85.3131,23.4812,0.095516,6214.751,181,24,0.861706
383,61441,4210.37,0.9344,28.061,23.5794,23.0201,85.3131,25.1247,0.008269,6215.6854,113,23,1.21752
384,61622,4222.74,32.5617,30.9778,24.2995,23.1273,85.3131,23.747,0.179899,6248.2471,181,26,0.997686
385,61729,4230.02,1.8684,22.9605,23.4632,22.9748,85.3131,17.9896,0.017462,6250.1155,107,12,1.027414
386,62050,4250.88,56.0743,22.257,24.3555,23.3699,85.3131,16.48,0.174686,6306.1898,321,49,1.045725
387,62211,4262.53,45.6808,26.2879,25.0133,23.6017,85.3131,16.7839,0.283732,6351.8707,161,26,0.730869
388,62490,4281.14,37.9095,27.0507,24.9927,23.6826,85.3131,17.1181,0.135876,6389.7802,279,64,2.625554
389,62693,4294.96,39.199,27.3806,25.295,24.0022,85.3131,17.3162,0.193098,6428.9792,203,25,0.903523
390,63294,4332.89,110.203,36.6926,26.2905,25.0408,110.203,29.8075,0.183366,6539.1821,601,109,1.744717
391,63475,4345.04,8.1485,34.9868,26.4924,24.5734,110.203,30.8846,0.04502,6547.3307,181,26,1.632193
392,63490,4367.42,-8.6604,32.3919,26.1374,24.3536,110.203,33.2613,-0.577358,6538.6703,15,20,1.452269
393,63671,4379.97,21.7514,34.4736,26.0881,24.3662,110.203,31.8487,0.120174,6560.4217,181,16,0.6032
394,63812,4389.52,11.703,32.3878,25.968,24.3194,110.203,32.5803,0.083,6572.1248,141,6,1.392145
395,64093,4407.62,31.7837,35.3793,26.0985,24.6408,110.203,30.9745,0.113109,6603.9084,281,42,2.434947
396,64316,4420.28,45.0879,34.2807,26.6481,25.0576,110.203,30.4107,0.202188,6648.9964,223,29,1.018997
397,64661,4440.28,58.1327,35.5258,27.2957,25.7332,110.203,31.0991,0.1685,6707.129,345,56,1.199106
398,64782,4447.73,8.6937,32.6042,27.1233,25.8258,110.203,32.0944,0.071849,6715.8227,121,13,0.663673
399,64935,4454.93,15.8887,30.2732,27.3172,25.376,110.203,32.376,0.103847,6731.7114,153,9,0.74301
400,65156,4469.15,43.8979,23.6427,27.3601,25.1436,110.203,19.5941,0.198633,6775.6093,221,26,0.85128
401,65277,4476.49,2.2596,23.0538,26.5974,24.7234,110.203,20.132,0.018675,6777.8689,121,12,0.509214
402,65538,4514.8,49.4671,28.8666,27.1556,25.0889,110.203,18.458,0.189529,6827.336,261,52,1.507148
403,65779,4530.93,20.314,28.7228,27.4716,25.1088,110.203,18.5184,0.08429,6847.65,241,31,1.632946
404,65996,4540.86,16.9071,29.2432,26.8613,25.004,110.203,18.1012,0.077913,6864.5571,217,14,0.86905
405,66337,4561.86,38.8984,29.9547,27.6849,25.1941,110.203,18.3255,0.114072,6903.4555,341,51,1.686918
406,66812,4590.17,76.0859,33.0545,28.7811,25.8034,110.203,22.7183,0.160181,6979.5414,475,42,1.489025
407,67053,4604.8,53.203,32.5615,29.0872,25.8056,110.203,22.2167,0.220759,7032.7443,241,28,1.468119
408,67294,4618.46,15.1037,33.2025,29.2427,25.4952,110.203,21.6028,0.062671,7047.8481,241,40,4.040055
409,67517,4632.21,19.879,33.6016,28.53,25.608,110.203,21.3143,0.089143,7067.727,223,26,1.236022
410,67586,4657.72,0.6898,29.2808,27.999,25.2152,110.203,23.0943,0.009997,7068.4168,69,22,0.531318
411,68047,4682.29,66.6894,35.7237,28.9456,25.7011,110.203,23.6381,0.144662,7135.1062,461,56,1.519345
412,68288,4694.61,21.9129,32.9683,29.1194,25.3775,110.203,23.4809,0.090925,7157.0191,241,14,0.738917
413,68489,4708.49,70.3516,37.9721,29.4812,25.8421,110.203,25.4961,0.350008,7227.3706,201,28,0.393092
414,68654,4719.97,11.3185,37.4132,29.0312,25.9285,110.203,26.0079,0.068597,7238.6892,165,24,2.165948
415,68875,4734.37,18.5374,35.3771,28.717,25.7343,110.203,26.6021,0.08388,7257.2266,221,26,1.530203
416,69196,4754.95,64.8451,34.253,29.8195,25.7733,110.203,25.0504,0.20201,7322.0717,321,48,0.943751
417,69577,4778.95,45.6784,33.5006,30.6493,26.2137,110.203,24.5785,0.119891,7367.7501,381,48,1.208274
418,69634,4803.01,-2.4202,31.7482,30.5471,26.1796,110.203,26.3859,-0.04246,7365.3298,57,3,0.266271
419,69975,4824.0,53.8868,35.149,31.2335,26.6714,110.203,26.8249,0.158026,7419.2166,341,42,1.682198
420,70188,4837.53,22.4712,37.3271,31.6532,26.5947,110.203,24.7419,0.105499,7441.6878,213,38,1.902209
421,70535,4859.01,56.2956,36.2877,32.5214,26.6376,110.203,23.6822,0.162235,7497.9834,347,49,1.586339
422,70676,4869.11,6.708,34.7672,32.1052,26.54,110.203,25.0073,0.047575,7504.6914,141,8,0.82811
423,70877,4881.07,20.5908,29.7912,31.8041,26.5245,110.203,22.2279,0.102442,7525.2822,201,26,1.000999
424,70958,4886.55,5.0354,29.1628,31.837,26.5063,110.203,22.822,0.062165,7530.3176,81,5,0.38566
425,71359,4911.68,54.4275,32.7519,31.2847,26.9243,110.203,23.675,0.135729,7584.7451,401,62,2.465839
426,71560,4924.67,11.0209,27.3694,30.2429,26.4755,110.203,21.8119,0.05483,7595.766,201,28,2.784163
